date,open,high,low,close,volume
,0,0,0,0,0
,0,0,0,0,0
,0,0,0,0,0
,0,0,0,0,0
,0,0,0,0,0
,0,0,0,0,0
,0,0,0,0,0
,0,0,0,0,0
,0,0,0,0,0
,0,0,0,0,0
,0,0,0,0,0
,0,0,0,0,0
,0,0,0,0,0
,0,0,0,0,0
,0,0,0,0,0
,0,0,0,0,0
,0,0,0,0,0
,0,0,0,0,0
,0,0,0,0,0
,0,0,0,0,0
,0,0,0,0,0
,0,0,0,0,0
,0,0,0,0,0
,0,0,0,0,0
,0,0,0,0,0
,0,0,0,0,0
,0,0,0,0,0
,0,0,0,0,0
,0,0,0,0,0
,0,0,0,0,0
,0,0,0,0,0
,0,0,0,0,0
,0,0,0,0,0
,0,0,0,0,0
,0,0,0,0,0
,0,0,0,0,0
,0,0,0,0,0
,0,0,0,0,0
,0,0,0,0,0
,0,0,0,0,0
,0,0,0,0,0
,0,0,0,0,0
,0,0,0,0,0
,0,0,0,0,0
,0,0,0,0,0
,0,0,0,0,0
,0,0,0,0,0
,0,0,0,0,0
,0,0,0,0,0
,0,0,0,0,0
,0,0,0,0,0
,0,0,0,0,0
,0,0,0,0,0
,0,0,0,0,0
,0,0,0,0,0
,0,0,0,0,0
,0,0,0,0,0
,0,0,0,0,0
,0,0,0,0,0
,0,0,0,0,0
,0,0,0,0,0
,0,0,0,0,0
,0,0,0,0,0
,0,0,0,0,0
,0,0,0,0,0
,0,0,0,0,0
,0,0,0,0,0
,0,0,0,0,0
,0,0,0,0,0
,0,0,0,0,0
,0,0,0,0,0
,0,0,0,0,0
,0,0,0,0,0
,0,0,0,0,0
,0,0,0,0,0
,0,0,0,0,0
,0,0,0,0,0
,0,0,0,0,0
,0,0,0,0,0
,0,0,0,0,0
,0,0,0,0,0
,0,0,0,0,0
,0,0,0,0,0
,0,0,0,0,0
,0,0,0,0,0
,0,0,0,0,0
,0,0,0,0,0
,0,0,0,0,0
,0,0,0,0,0
,0,0,0,0,0
,0,0,0,0,0
,0,0,0,0,0
,0,0,0,0,0
,0,0,0,0,0
,0,0,0,0,0
,0,0,0,0,0
,0,0,0,0,0
,0,0,0,0,0
,0,0,0,0,0
,0,0,0,0,0
,0,0,0,0,0
,0,0,0,0,0
,0,0,0,0,0
,0,0,0,0,0
,0,0,0,0,0
,0,0,0,0,0
,0,0,0,0,0
,0,0,0,0,0
,0,0,0,0,0
,0,0,0,0,0
,0,0,0,0,0
,0,0,0,0,0
,0,0,0,0,0
,0,0,0,0,0
,0,0,0,0,0
,0,0,0,0,0
,0,0,0,0,0
,0,0,0,0,0
,0,0,0,0,0
,0,0,0,0,0
,0,0,0,0,0
,0,0,0,0,0
,0,0,0,0,0
,0,0,0,0,0
,0,0,0,0,0
,0,0,0,0,0
,0,0,0,0,0
,0,0,0,0,0
,0,0,0,0,0
,0,0,0,0,0
,0,0,0,0,0
,0,0,0,0,0
,0,0,0,0,0
,0,0,0,0,0
,0,0,0,0,0
,0,0,0,0,0
,0,0,0,0,0
,0,0,0,0,0
,0,0,0,0,0
,0,0,0,0,0
,0,0,0,0,0
,0,0,0,0,0
,0,0,0,0,0
,0,0,0,0,0
,0,0,0,0,0
,0,0,0,0,0
,0,0,0,0,0
,0,0,0,0,0
,0,0,0,0,0
,0,0,0,0,0
,0,0,0,0,0
,0,0,0,0,0
,0,0,0,0,0
,0,0,0,0,0
,0,0,0,0,0
,0,0,0,0,0
,0,0,0,0,0
,0,0,0,0,0
,0,0,0,0,0
,0,0,0,0,0
,0,0,0,0,0
,0,0,0,0,0
,0,0,0,0,0
,0,0,0,0,0
,0,0,0,0,0
,0,0,0,0,0
,0,0,0,0,0
,0,0,0,0,0
,0,0,0,0,0
,0,0,0,0,0
,0,0,0,0,0
,0,0,0,0,0
,0,0,0,0,0
,0,0,0,0,0
,0,0,0,0,0
,0,0,0,0,0
,0,0,0,0,0
,0,0,0,0,0
,0,0,0,0,0
,0,0,0,0,0
,0,0,0,0,0
,0,0,0,0,0
,0,0,0,0,0
,0,0,0,0,0
,0,0,0,0,0
,0,0,0,0,0
,0,0,0,0,0
,0,0,0,0,0
,0,0,0,0,0
,0,0,0,0,0
,0,0,0,0,0
,0,0,0,0,0
,0,0,0,0,0
,0,0,0,0,0
,0,0,0,0,0
,0,0,0,0,0
,0,0,0,0,0
,0,0,0,0,0
,0,0,0,0,0
,0,0,0,0,0
,0,0,0,0,0
,0,0,0,0,0
,0,0,0,0,0
,0,0,0,0,0
,0,0,0,0,0
,0,0,0,0,0
,0,0,0,0,0
,0,0,0,0,0
,0,0,0,0,0
,0,0,0,0,0
,0,0,0,0,0
,0,0,0,0,0
,0,0,0,0,0
,0,0,0,0,0
,0,0,0,0,0
,0,0,0,0,0
,0,0,0,0,0
,0,0,0,0,0
,0,0,0,0,0
,0,0,0,0,0
,0,0,0,0,0
,0,0,0,0,0
,0,0,0,0,0
,0,0,0,0,0
,0,0,0,0,0
,0,0,0,0,0
,0,0,0,0,0
,0,0,0,0,0
,0,0,0,0,0
,0,0,0,0,0
,0,0,0,0,0
,0,0,0,0,0
,0,0,0,0,0
,0,0,0,0,0
,0,0,0,0,0
,0,0,0,0,0
,0,0,0,0,0
,0,0,0,0,0
,0,0,0,0,0
,0,0,0,0,0
,0,0,0,0,0
,0,0,0,0,0
,0,0,0,0,0
,0,0,0,0,0
,0,0,0,0,0
,0,0,0,0,0
,0,0,0,0,0
,0,0,0,0,0
,0,0,0,0,0
,0,0,0,0,0
,0,0,0,0,0
,0,0,0,0,0
,0,0,0,0,0
,0,0,0,0,0
,0,0,0,0,0
,0,0,0,0,0
,0,0,0,0,0
,0,0,0,0,0
,0,0,0,0,0
,0,0,0,0,0
,0,0,0,0,0
,0,0,0,0,0
,0,0,0,0,0
,0,0,0,0,0
,0,0,0,0,0
,0,0,0,0,0
,0,0,0,0,0
,0,0,0,0,0
,0,0,0,0,0
,0,0,0,0,0
,0,0,0,0,0
,0,0,0,0,0
,0,0,0,0,0
,0,0,0,0,0
,0,0,0,0,0
,0,0,0,0,0
,0,0,0,0,0
,0,0,0,0,0
,0,0,0,0,0
,0,0,0,0,0
,0,0,0,0,0
,0,0,0,0,0
,0,0,0,0,0
,0,0,0,0,0
,0,0,0,0,0
,0,0,0,0,0
,0,0,0,0,0
,0,0,0,0,0
,0,0,0,0,0
,0,0,0,0,0
,0,0,0,0,0
,0,0,0,0,0
,0,0,0,0,0
,0,0,0,0,0
,0,0,0,0,0
,0,0,0,0,0
,0,0,0,0,0
,0,0,0,0,0
,0,0,0,0,0
,0,0,0,0,0
,0,0,0,0,0
,0,0,0,0,0
,0,0,0,0,0
,0,0,0,0,0
,0,0,0,0,0
,0,0,0,0,0
,0,0,0,0,0
,0,0,0,0,0
,0,0,0,0,0
,0,0,0,0,0
,0,0,0,0,0
,0,0,0,0,0
,0,0,0,0,0
,0,0,0,0,0
,0,0,0,0,0
,0,0,0,0,0
,0,0,0,0,0
,0,0,0,0,0
,0,0,0,0,0
,0,0,0,0,0
,0,0,0,0,0
,0,0,0,0,0
,0,0,0,0,0
,0,0,0,0,0
,0,0,0,0,0
,0,0,0,0,0
,0,0,0,0,0
,0,0,0,0,0
,0,0,0,0,0
,0,0,0,0,0
,0,0,0,0,0
,0,0,0,0,0
,0,0,0,0,0
,0,0,0,0,0
,0,0,0,0,0
,0,0,0,0,0
,0,0,0,0,0
,0,0,0,0,0
,0,0,0,0,0
,0,0,0,0,0
,0,0,0,0,0
,0,0,0,0,0
,0,0,0,0,0
,0,0,0,0,0
,0,0,0,0,0
,0,0,0,0,0
,0,0,0,0,0
,0,0,0,0,0
,0,0,0,0,0
,0,0,0,0,0
,0,0,0,0,0
,0,0,0,0,0
,0,0,0,0,0
,0,0,0,0,0
,0,0,0,0,0
,0,0,0,0,0
,0,0,0,0,0
,0,0,0,0,0
,0,0,0,0,0
,0,0,0,0,0
,0,0,0,0,0
,0,0,0,0,0
,0,0,0,0,0
,0,0,0,0,0
,0,0,0,0,0
,0,0,0,0,0
,0,0,0,0,0
,0,0,0,0,0
,0,0,0,0,0
,0,0,0,0,0
,0,0,0,0,0
,0,0,0,0,0
,0,0,0,0,0
,0,0,0,0,0
,0,0,0,0,0
,0,0,0,0,0
,0,0,0,0,0
,0,0,0,0,0
,0,0,0,0,0
,0,0,0,0,0
,0,0,0,0,0
,0,0,0,0,0
,0,0,0,0,0
,0,0,0,0,0
,0,0,0,0,0
,0,0,0,0,0
,0,0,0,0,0
,0,0,0,0,0
,0,0,0,0,0
,0,0,0,0,0
,0,0,0,0,0
,0,0,0,0,0
,0,0,0,0,0
,0,0,0,0,0
,0,0,0,0,0
,0,0,0,0,0
,0,0,0,0,0
,0,0,0,0,0
,0,0,0,0,0
,0,0,0,0,0
,0,0,0,0,0
,0,0,0,0,0
,0,0,0,0,0
,0,0,0,0,0
,0,0,0,0,0
,0,0,0,0,0
,0,0,0,0,0
,0,0,0,0,0
,0,0,0,0,0
,0,0,0,0,0
,0,0,0,0,0
,0,0,0,0,0
,0,0,0,0,0
,0,0,0,0,0
,0,0,0,0,0
,0,0,0,0,0
,0,0,0,0,0
,0,0,0,0,0
,0,0,0,0,0
,0,0,0,0,0
,0,0,0,0,0
,0,0,0,0,0
,0,0,0,0,0
,0,0,0,0,0
,0,0,0,0,0
,0,0,0,0,0
,0,0,0,0,0
,0,0,0,0,0
,0,0,0,0,0
,0,0,0,0,0
,0,0,0,0,0
,0,0,0,0,0
,0,0,0,0,0
,0,0,0,0,0
,0,0,0,0,0
,0,0,0,0,0
,0,0,0,0,0
,0,0,0,0,0
,0,0,0,0,0
,0,0,0,0,0
,0,0,0,0,0
,0,0,0,0,0
,0,0,0,0,0
,0,0,0,0,0
,0,0,0,0,0
,0,0,0,0,0
,0,0,0,0,0
,0,0,0,0,0
,0,0,0,0,0
,0,0,0,0,0
,0,0,0,0,0
,0,0,0,0,0
,0,0,0,0,0
,0,0,0,0,0
,0,0,0,0,0
,0,0,0,0,0
,0,0,0,0,0
,0,0,0,0,0
,0,0,0,0,0
,0,0,0,0,0
,0,0,0,0,0
,0,0,0,0,0
,0,0,0,0,0
,0,0,0,0,0
,0,0,0,0,0
,0,0,0,0,0
,0,0,0,0,0
,0,0,0,0,0
,0,0,0,0,0
,0,0,0,0,0
,0,0,0,0,0
,0,0,0,0,0
,0,0,0,0,0
,0,0,0,0,0
,0,0,0,0,0
,0,0,0,0,0
,0,0,0,0,0
,0,0,0,0,0
,0,0,0,0,0
,0,0,0,0,0
,0,0,0,0,0
,0,0,0,0,0
,0,0,0,0,0
,0,0,0,0,0
,0,0,0,0,0
,0,0,0,0,0
,0,0,0,0,0
,0,0,0,0,0
,0,0,0,0,0
,0,0,0,0,0
,0,0,0,0,0
,0,0,0,0,0
,0,0,0,0,0
,0,0,0,0,0
,0,0,0,0,0
,0,0,0,0,0
,0,0,0,0,0
,0,0,0,0,0
,0,0,0,0,0
,0,0,0,0,0
,0,0,0,0,0
,0,0,0,0,0
,0,0,0,0,0
,0,0,0,0,0
,0,0,0,0,0
,0,0,0,0,0
,0,0,0,0,0
,0,0,0,0,0
,0,0,0,0,0
,0,0,0,0,0
,0,0,0,0,0
,0,0,0,0,0
,0,0,0,0,0
,0,0,0,0,0
,0,0,0,0,0
,0,0,0,0,0
,0,0,0,0,0
,0,0,0,0,0
,0,0,0,0,0
,0,0,0,0,0
,0,0,0,0,0
,0,0,0,0,0
,0,0,0,0,0
,0,0,0,0,0
,0,0,0,0,0
,0,0,0,0,0
,0,0,0,0,0
,0,0,0,0,0
,0,0,0,0,0
,0,0,0,0,0
,0,0,0,0,0
,0,0,0,0,0
,0,0,0,0,0
,0,0,0,0,0
,0,0,0,0,0
,0,0,0,0,0
,0,0,0,0,0
,0,0,0,0,0
,0,0,0,0,0
,0,0,0,0,0
,0,0,0,0,0
,0,0,0,0,0
,0,0,0,0,0
,0,0,0,0,0
,0,0,0,0,0
,0,0,0,0,0
,0,0,0,0,0
,0,0,0,0,0
,0,0,0,0,0
,0,0,0,0,0
,0,0,0,0,0
,0,0,0,0,0
,0,0,0,0,0
,0,0,0,0,0
,0,0,0,0,0
,0,0,0,0,0
,0,0,0,0,0
,0,0,0,0,0
,0,0,0,0,0
,0,0,0,0,0
,0,0,0,0,0
,0,0,0,0,0
,0,0,0,0,0
,0,0,0,0,0
,0,0,0,0,0
,0,0,0,0,0
,0,0,0,0,0
,0,0,0,0,0
,0,0,0,0,0
,0,0,0,0,0
,0,0,0,0,0
,0,0,0,0,0
,0,0,0,0,0
,0,0,0,0,0
,0,0,0,0,0
,0,0,0,0,0
,0,0,0,0,0
,0,0,0,0,0
,0,0,0,0,0
,0,0,0,0,0
,0,0,0,0,0
,0,0,0,0,0
,0,0,0,0,0
,0,0,0,0,0
,0,0,0,0,0
,0,0,0,0,0
,0,0,0,0,0
,0,0,0,0,0
,0,0,0,0,0
,0,0,0,0,0
,0,0,0,0,0
,0,0,0,0,0
,0,0,0,0,0
,0,0,0,0,0
,0,0,0,0,0
,0,0,0,0,0
,0,0,0,0,0
,0,0,0,0,0
,0,0,0,0,0
,0,0,0,0,0
,0,0,0,0,0
,0,0,0,0,0
,0,0,0,0,0
,0,0,0,0,0
,0,0,0,0,0
,0,0,0,0,0
,0,0,0,0,0
,0,0,0,0,0
,0,0,0,0,0
,0,0,0,0,0
,0,0,0,0,0
,0,0,0,0,0
,0,0,0,0,0
,0,0,0,0,0
,0,0,0,0,0
,0,0,0,0,0
,0,0,0,0,0
,0,0,0,0,0
,0,0,0,0,0
,0,0,0,0,0
,0,0,0,0,0
,0,0,0,0,0
,0,0,0,0,0
,0,0,0,0,0
,0,0,0,0,0
,0,0,0,0,0
,0,0,0,0,0
,0,0,0,0,0
,0,0,0,0,0
,0,0,0,0,0
,0,0,0,0,0
,0,0,0,0,0
,0,0,0,0,0
,0,0,0,0,0
,0,0,0,0,0
,0,0,0,0,0
,0,0,0,0,0
,0,0,0,0,0
,0,0,0,0,0
,0,0,0,0,0
,0,0,0,0,0
,0,0,0,0,0
,0,0,0,0,0
,0,0,0,0,0
,0,0,0,0,0
,0,0,0,0,0
,0,0,0,0,0
,0,0,0,0,0
,0,0,0,0,0
,0,0,0,0,0
,0,0,0,0,0
,0,0,0,0,0
,0,0,0,0,0
,0,0,0,0,0
,0,0,0,0,0
,0,0,0,0,0
,0,0,0,0,0
,0,0,0,0,0
,0,0,0,0,0
,0,0,0,0,0
,0,0,0,0,0
,0,0,0,0,0
,0,0,0,0,0
,0,0,0,0,0
,0,0,0,0,0
,0,0,0,0,0
,0,0,0,0,0
,0,0,0,0,0
,0,0,0,0,0
,0,0,0,0,0
,0,0,0,0,0
,0,0,0,0,0
,0,0,0,0,0
,0,0,0,0,0
,0,0,0,0,0
,0,0,0,0,0
,0,0,0,0,0
,0,0,0,0,0
,0,0,0,0,0
,0,0,0,0,0
,0,0,0,0,0
,0,0,0,0,0
,0,0,0,0,0
,0,0,0,0,0
,0,0,0,0,0
,0,0,0,0,0
,0,0,0,0,0
,0,0,0,0,0
,0,0,0,0,0
,0,0,0,0,0
,0,0,0,0,0
,0,0,0,0,0
,0,0,0,0,0
,0,0,0,0,0
,0,0,0,0,0
,0,0,0,0,0
,0,0,0,0,0
,0,0,0,0,0
,0,0,0,0,0
,0,0,0,0,0
,0,0,0,0,0
,0,0,0,0,0
,0,0,0,0,0
,0,0,0,0,0
,0,0,0,0,0
,0,0,0,0,0
,0,0,0,0,0
,0,0,0,0,0
,0,0,0,0,0
,0,0,0,0,0
,0,0,0,0,0
,0,0,0,0,0
,0,0,0,0,0
,0,0,0,0,0
,0,0,0,0,0
,0,0,0,0,0
,0,0,0,0,0
,0,0,0,0,0
,0,0,0,0,0
,0,0,0,0,0
,0,0,0,0,0
,0,0,0,0,0
,0,0,0,0,0
,0,0,0,0,0
,0,0,0,0,0
,0,0,0,0,0
,0,0,0,0,0
,0,0,0,0,0
,0,0,0,0,0
,0,0,0,0,0
,0,0,0,0,0
,0,0,0,0,0
,0,0,0,0,0
,0,0,0,0,0
,0,0,0,0,0
,0,0,0,0,0
,0,0,0,0,0
,0,0,0,0,0
,0,0,0,0,0
,0,0,0,0,0
,0,0,0,0,0
,0,0,0,0,0
,0,0,0,0,0
,0,0,0,0,0
,0,0,0,0,0
,0,0,0,0,0
,0,0,0,0,0
,0,0,0,0,0
,0,0,0,0,0
,0,0,0,0,0
,0,0,0,0,0
,0,0,0,0,0
,0,0,0,0,0
,0,0,0,0,0
,0,0,0,0,0
,0,0,0,0,0
,0,0,0,0,0
,0,0,0,0,0
,0,0,0,0,0
,0,0,0,0,0
,0,0,0,0,0
,0,0,0,0,0
,0,0,0,0,0
,0,0,0,0,0
,0,0,0,0,0
,0,0,0,0,0
,0,0,0,0,0
,0,0,0,0,0
,0,0,0,0,0
,0,0,0,0,0
,0,0,0,0,0
,0,0,0,0,0
,0,0,0,0,0
,0,0,0,0,0
,0,0,0,0,0
,0,0,0,0,0
,0,0,0,0,0
,0,0,0,0,0
,0,0,0,0,0
,0,0,0,0,0
,0,0,0,0,0
,0,0,0,0,0
,0,0,0,0,0
,0,0,0,0,0
,0,0,0,0,0
,0,0,0,0,0
,0,0,0,0,0
,0,0,0,0,0
,0,0,0,0,0
,0,0,0,0,0
,0,0,0,0,0
,0,0,0,0,0
,0,0,0,0,0
,0,0,0,0,0
,0,0,0,0,0
,0,0,0,0,0
,0,0,0,0,0
,0,0,0,0,0
,0,0,0,0,0
,0,0,0,0,0
,0,0,0,0,0
,0,0,0,0,0
,0,0,0,0,0
,0,0,0,0,0
,0,0,0,0,0
,0,0,0,0,0
,0,0,0,0,0
,0,0,0,0,0
,0,0,0,0,0
,0,0,0,0,0
,0,0,0,0,0
,0,0,0,0,0
,0,0,0,0,0
,0,0,0,0,0
,0,0,0,0,0
,0,0,0,0,0
,0,0,0,0,0
,0,0,0,0,0
,0,0,0,0,0
,0,0,0,0,0
,0,0,0,0,0
,0,0,0,0,0
,0,0,0,0,0
,0,0,0,0,0
,0,0,0,0,0
,0,0,0,0,0
,0,0,0,0,0
,0,0,0,0,0
,0,0,0,0,0
,0,0,0,0,0
,0,0,0,0,0
,0,0,0,0,0
,0,0,0,0,0
,0,0,0,0,0
,0,0,0,0,0
,0,0,0,0,0
,0,0,0,0,0
,0,0,0,0,0
,0,0,0,0,0
,0,0,0,0,0
,0,0,0,0,0
,0,0,0,0,0
,0,0,0,0,0
,0,0,0,0,0
,0,0,0,0,0
,0,0,0,0,0
,0,0,0,0,0
,0,0,0,0,0
,0,0,0,0,0
,0,0,0,0,0
,0,0,0,0,0
,0,0,0,0,0
,0,0,0,0,0
,0,0,0,0,0
,0,0,0,0,0
,0,0,0,0,0
,0,0,0,0,0
,0,0,0,0,0
,0,0,0,0,0
,0,0,0,0,0
,0,0,0,0,0
,0,0,0,0,0
,0,0,0,0,0
,0,0,0,0,0
,0,0,0,0,0
,0,0,0,0,0
,0,0,0,0,0
,0,0,0,0,0
,0,0,0,0,0
,0,0,0,0,0
,0,0,0,0,0
,0,0,0,0,0
,0,0,0,0,0
,0,0,0,0,0
,0,0,0,0,0
,0,0,0,0,0
,0,0,0,0,0
,0,0,0,0,0
,0,0,0,0,0
,0,0,0,0,0
,0,0,0,0,0
,0,0,0,0,0
,0,0,0,0,0
,0,0,0,0,0
,0,0,0,0,0
,0,0,0,0,0
,0,0,0,0,0
,0,0,0,0,0
,0,0,0,0,0
,0,0,0,0,0
,0,0,0,0,0
,0,0,0,0,0
,0,0,0,0,0
,0,0,0,0,0
,0,0,0,0,0
,0,0,0,0,0
,0,0,0,0,0
,0,0,0,0,0
,0,0,0,0,0
,0,0,0,0,0
,0,0,0,0,0
,0,0,0,0,0
,0,0,0,0,0
,0,0,0,0,0
,0,0,0,0,0
,0,0,0,0,0
,0,0,0,0,0
,0,0,0,0,0
,0,0,0,0,0
,0,0,0,0,0
,0,0,0,0,0
,0,0,0,0,0
,0,0,0,0,0
,0,0,0,0,0
,0,0,0,0,0
,0,0,0,0,0
,0,0,0,0,0
,0,0,0,0,0
,0,0,0,0,0
,0,0,0,0,0
,0,0,0,0,0
,0,0,0,0,0
,0,0,0,0,0
,0,0,0,0,0
,0,0,0,0,0
,0,0,0,0,0
,0,0,0,0,0
,0,0,0,0,0
,0,0,0,0,0
,0,0,0,0,0
,0,0,0,0,0
,0,0,0,0,0
,0,0,0,0,0
,0,0,0,0,0
,0,0,0,0,0
,0,0,0,0,0
,0,0,0,0,0
,0,0,0,0,0
,0,0,0,0,0
,0,0,0,0,0
,0,0,0,0,0
,0,0,0,0,0
,0,0,0,0,0
,0,0,0,0,0
,0,0,0,0,0
,0,0,0,0,0
,0,0,0,0,0
,0,0,0,0,0
,0,0,0,0,0
,0,0,0,0,0
,0,0,0,0,0
,0,0,0,0,0
,0,0,0,0,0
,0,0,0,0,0
,0,0,0,0,0
,0,0,0,0,0
,0,0,0,0,0
,0,0,0,0,0
,0,0,0,0,0
,0,0,0,0,0
,0,0,0,0,0
,0,0,0,0,0
,0,0,0,0,0
,0,0,0,0,0
,0,0,0,0,0
,0,0,0,0,0
,0,0,0,0,0
,0,0,0,0,0
,0,0,0,0,0
,0,0,0,0,0
,0,0,0,0,0
,0,0,0,0,0
,0,0,0,0,0
,0,0,0,0,0
,0,0,0,0,0
,0,0,0,0,0
,0,0,0,0,0
,0,0,0,0,0
,0,0,0,0,0
,0,0,0,0,0
,0,0,0,0,0
,0,0,0,0,0
,0,0,0,0,0
,0,0,0,0,0
,0,0,0,0,0
,0,0,0,0,0
,0,0,0,0,0
,0,0,0,0,0
,0,0,0,0,0
,0,0,0,0,0
,0,0,0,0,0
,0,0,0,0,0
,0,0,0,0,0
,0,0,0,0,0
,0,0,0,0,0
,0,0,0,0,0
,0,0,0,0,0
,0,0,0,0,0
,0,0,0,0,0
,0,0,0,0,0
,0,0,0,0,0
,0,0,0,0,0
,0,0,0,0,0
,0,0,0,0,0
,0,0,0,0,0
,0,0,0,0,0
,0,0,0,0,0
,0,0,0,0,0
,0,0,0,0,0
,0,0,0,0,0
,0,0,0,0,0
,0,0,0,0,0
,0,0,0,0,0
,0,0,0,0,0
,0,0,0,0,0
,0,0,0,0,0
,0,0,0,0,0
,0,0,0,0,0
,0,0,0,0,0
,0,0,0,0,0
,0,0,0,0,0
,0,0,0,0,0
,0,0,0,0,0
,0,0,0,0,0
,0,0,0,0,0
,0,0,0,0,0
,0,0,0,0,0
,0,0,0,0,0
,0,0,0,0,0
,0,0,0,0,0
,0,0,0,0,0
,0,0,0,0,0
,0,0,0,0,0
,0,0,0,0,0
,0,0,0,0,0
,0,0,0,0,0
,0,0,0,0,0
,0,0,0,0,0
,0,0,0,0,0
,0,0,0,0,0
,0,0,0,0,0
,0,0,0,0,0
,0,0,0,0,0
,0,0,0,0,0
,0,0,0,0,0
,0,0,0,0,0
,0,0,0,0,0
,0,0,0,0,0
,0,0,0,0,0
,0,0,0,0,0
,0,0,0,0,0
,0,0,0,0,0
,0,0,0,0,0
,0,0,0,0,0
,0,0,0,0,0
,0,0,0,0,0
,0,0,0,0,0
,0,0,0,0,0
,0,0,0,0,0
,0,0,0,0,0
,0,0,0,0,0
,0,0,0,0,0
,0,0,0,0,0
,0,0,0,0,0
,0,0,0,0,0
,0,0,0,0,0
,0,0,0,0,0
,0,0,0,0,0
,0,0,0,0,0
,0,0,0,0,0
,0,0,0,0,0
,0,0,0,0,0
,0,0,0,0,0
,0,0,0,0,0
,0,0,0,0,0
,0,0,0,0,0
,0,0,0,0,0
,0,0,0,0,0
,0,0,0,0,0
,0,0,0,0,0
,0,0,0,0,0
,0,0,0,0,0
,0,0,0,0,0
,0,0,0,0,0
,0,0,0,0,0
,0,0,0,0,0
,0,0,0,0,0
,0,0,0,0,0
,0,0,0,0,0
,0,0,0,0,0
,0,0,0,0,0
,0,0,0,0,0
,0,0,0,0,0
,0,0,0,0,0
,0,0,0,0,0
,0,0,0,0,0
,0,0,0,0,0
,0,0,0,0,0
,0,0,0,0,0
,0,0,0,0,0
,0,0,0,0,0
,0,0,0,0,0
,0,0,0,0,0
,0,0,0,0,0
,0,0,0,0,0
,0,0,0,0,0
,0,0,0,0,0
,0,0,0,0,0
,0,0,0,0,0
,0,0,0,0,0
,0,0,0,0,0
,0,0,0,0,0
,0,0,0,0,0
,0,0,0,0,0
,0,0,0,0,0
,0,0,0,0,0
,0,0,0,0,0
,0,0,0,0,0
,0,0,0,0,0
,0,0,0,0,0
,0,0,0,0,0
,0,0,0,0,0
,0,0,0,0,0
,0,0,0,0,0
,0,0,0,0,0
,0,0,0,0,0
,0,0,0,0,0
,0,0,0,0,0
,0,0,0,0,0
,0,0,0,0,0
,0,0,0,0,0
,0,0,0,0,0
,0,0,0,0,0
,0,0,0,0,0
,0,0,0,0,0
,0,0,0,0,0
,0,0,0,0,0
,0,0,0,0,0
,0,0,0,0,0
,0,0,0,0,0
,0,0,0,0,0
,0,0,0,0,0
,0,0,0,0,0
,0,0,0,0,0
,0,0,0,0,0
,0,0,0,0,0
,0,0,0,0,0
,0,0,0,0,0
,0,0,0,0,0
,0,0,0,0,0
,0,0,0,0,0
,0,0,0,0,0
,0,0,0,0,0
,0,0,0,0,0
,0,0,0,0,0
,0,0,0,0,0
,0,0,0,0,0
,0,0,0,0,0
,0,0,0,0,0
,0,0,0,0,0
,0,0,0,0,0
,0,0,0,0,0
,0,0,0,0,0
,0,0,0,0,0
,0,0,0,0,0
,0,0,0,0,0
,0,0,0,0,0
,0,0,0,0,0
,0,0,0,0,0
,0,0,0,0,0
,0,0,0,0,0
,0,0,0,0,0
,0,0,0,0,0
,0,0,0,0,0
,0,0,0,0,0
,0,0,0,0,0
,0,0,0,0,0
,0,0,0,0,0
,0,0,0,0,0
,0,0,0,0,0
,0,0,0,0,0
,0,0,0,0,0
,0,0,0,0,0
,0,0,0,0,0
,0,0,0,0,0
,0,0,0,0,0
,0,0,0,0,0
,0,0,0,0,0
,0,0,0,0,0
,0,0,0,0,0
,0,0,0,0,0
,0,0,0,0,0
,0,0,0,0,0
,0,0,0,0,0
,0,0,0,0,0
,0,0,0,0,0
,0,0,0,0,0
,0,0,0,0,0
,0,0,0,0,0
,0,0,0,0,0
,0,0,0,0,0
,0,0,0,0,0
,0,0,0,0,0
,0,0,0,0,0
,0,0,0,0,0
,0,0,0,0,0
,0,0,0,0,0
,0,0,0,0,0
,0,0,0,0,0
,0,0,0,0,0
,0,0,0,0,0
,0,0,0,0,0
,0,0,0,0,0
,0,0,0,0,0
,0,0,0,0,0
,0,0,0,0,0
,0,0,0,0,0
,0,0,0,0,0
,0,0,0,0,0
,0,0,0,0,0
,0,0,0,0,0
,0,0,0,0,0
,0,0,0,0,0
,0,0,0,0,0
,0,0,0,0,0
,0,0,0,0,0
,0,0,0,0,0
,0,0,0,0,0
,0,0,0,0,0
,0,0,0,0,0
,0,0,0,0,0
,0,0,0,0,0
,0,0,0,0,0
,0,0,0,0,0
,0,0,0,0,0
,0,0,0,0,0
,0,0,0,0,0
,0,0,0,0,0
,0,0,0,0,0
,0,0,0,0,0
,0,0,0,0,0
,0,0,0,0,0
,0,0,0,0,0
,0,0,0,0,0
,0,0,0,0,0
,0,0,0,0,0
,0,0,0,0,0
,0,0,0,0,0
,0,0,0,0,0
,0,0,0,0,0
,0,0,0,0,0
,0,0,0,0,0
,0,0,0,0,0
,0,0,0,0,0
,0,0,0,0,0
,0,0,0,0,0
,0,0,0,0,0
,0,0,0,0,0
,0,0,0,0,0
,0,0,0,0,0
,0,0,0,0,0
,0,0,0,0,0
,0,0,0,0,0
,0,0,0,0,0
,0,0,0,0,0
,0,0,0,0,0
,0,0,0,0,0
,0,0,0,0,0
,0,0,0,0,0
,0,0,0,0,0
,0,0,0,0,0
,0,0,0,0,0
,0,0,0,0,0
,0,0,0,0,0
,0,0,0,0,0
,0,0,0,0,0
,0,0,0,0,0
,0,0,0,0,0
,0,0,0,0,0
,0,0,0,0,0
,0,0,0,0,0
,0,0,0,0,0
,0,0,0,0,0
,0,0,0,0,0
,0,0,0,0,0
,0,0,0,0,0
,0,0,0,0,0
,0,0,0,0,0
,0,0,0,0,0
,0,0,0,0,0
,0,0,0,0,0
,0,0,0,0,0
,0,0,0,0,0
,0,0,0,0,0
,0,0,0,0,0
,0,0,0,0,0
,0,0,0,0,0
,0,0,0,0,0
,0,0,0,0,0
,0,0,0,0,0
,0,0,0,0,0
,0,0,0,0,0
,0,0,0,0,0
,0,0,0,0,0
,0,0,0,0,0
,0,0,0,0,0
,0,0,0,0,0
,0,0,0,0,0
,0,0,0,0,0
,0,0,0,0,0
,0,0,0,0,0
,0,0,0,0,0
,0,0,0,0,0
,0,0,0,0,0
,0,0,0,0,0
,0,0,0,0,0
,0,0,0,0,0
,0,0,0,0,0
,0,0,0,0,0
,0,0,0,0,0
,0,0,0,0,0
,0,0,0,0,0
,0,0,0,0,0
,0,0,0,0,0
,0,0,0,0,0
,0,0,0,0,0
,0,0,0,0,0
,0,0,0,0,0
,0,0,0,0,0
,0,0,0,0,0
,0,0,0,0,0
,0,0,0,0,0
,0,0,0,0,0
,0,0,0,0,0
,0,0,0,0,0
,0,0,0,0,0
,0,0,0,0,0
,0,0,0,0,0
,0,0,0,0,0
,0,0,0,0,0
,0,0,0,0,0
,0,0,0,0,0
,0,0,0,0,0
,0,0,0,0,0
,0,0,0,0,0
,0,0,0,0,0
,0,0,0,0,0
,0,0,0,0,0
,0,0,0,0,0
,0,0,0,0,0
,0,0,0,0,0
,0,0,0,0,0
,0,0,0,0,0
,0,0,0,0,0
,0,0,0,0,0
,0,0,0,0,0
,0,0,0,0,0
,0,0,0,0,0
,0,0,0,0,0
,0,0,0,0,0
,0,0,0,0,0
,0,0,0,0,0
,0,0,0,0,0
,0,0,0,0,0
,0,0,0,0,0
,0,0,0,0,0
,0,0,0,0,0
,0,0,0,0,0
,0,0,0,0,0
,0,0,0,0,0
,0,0,0,0,0
,0,0,0,0,0
,0,0,0,0,0
,0,0,0,0,0
,0,0,0,0,0
,0,0,0,0,0
,0,0,0,0,0
,0,0,0,0,0
,0,0,0,0,0
,0,0,0,0,0
,0,0,0,0,0
,0,0,0,0,0
,0,0,0,0,0
,0,0,0,0,0
,0,0,0,0,0
,0,0,0,0,0
,0,0,0,0,0
,0,0,0,0,0
,0,0,0,0,0
,0,0,0,0,0
,0,0,0,0,0
,0,0,0,0,0
,0,0,0,0,0
,0,0,0,0,0
,0,0,0,0,0
,0,0,0,0,0
,0,0,0,0,0
,0,0,0,0,0
,0,0,0,0,0
,0,0,0,0,0
,0,0,0,0,0
,0,0,0,0,0
,0,0,0,0,0
,0,0,0,0,0
,0,0,0,0,0
,0,0,0,0,0
,0,0,0,0,0
,0,0,0,0,0
,0,0,0,0,0
,0,0,0,0,0
,0,0,0,0,0
,0,0,0,0,0
,0,0,0,0,0
,0,0,0,0,0
,0,0,0,0,0
,0,0,0,0,0
,0,0,0,0,0
,0,0,0,0,0
,0,0,0,0,0
,0,0,0,0,0
,0,0,0,0,0
,0,0,0,0,0
,0,0,0,0,0
,0,0,0,0,0
,0,0,0,0,0
,0,0,0,0,0
,0,0,0,0,0
,0,0,0,0,0
,0,0,0,0,0
,0,0,0,0,0
,0,0,0,0,0
,0,0,0,0,0
,0,0,0,0,0
,0,0,0,0,0
,0,0,0,0,0
,0,0,0,0,0
,0,0,0,0,0
,0,0,0,0,0
,0,0,0,0,0
,0,0,0,0,0
,0,0,0,0,0
,0,0,0,0,0
,0,0,0,0,0
,0,0,0,0,0
,0,0,0,0,0
,0,0,0,0,0
,0,0,0,0,0
,0,0,0,0,0
,0,0,0,0,0
,0,0,0,0,0
,0,0,0,0,0
,0,0,0,0,0
,0,0,0,0,0
,0,0,0,0,0
,0,0,0,0,0
,0,0,0,0,0
,0,0,0,0,0
,0,0,0,0,0
,0,0,0,0,0
,0,0,0,0,0
,0,0,0,0,0
,0,0,0,0,0
,0,0,0,0,0
,0,0,0,0,0
,0,0,0,0,0
,0,0,0,0,0
,0,0,0,0,0
,0,0,0,0,0
,0,0,0,0,0
,0,0,0,0,0
,0,0,0,0,0
,0,0,0,0,0
,0,0,0,0,0
,0,0,0,0,0
,0,0,0,0,0
,0,0,0,0,0
,0,0,0,0,0
,0,0,0,0,0
,0,0,0,0,0
,0,0,0,0,0
,0,0,0,0,0
,0,0,0,0,0
,0,0,0,0,0
,0,0,0,0,0
,0,0,0,0,0
,0,0,0,0,0
,0,0,0,0,0
,0,0,0,0,0
,0,0,0,0,0
,0,0,0,0,0
,0,0,0,0,0
,0,0,0,0,0
,0,0,0,0,0
,0,0,0,0,0
,0,0,0,0,0
,0,0,0,0,0
,0,0,0,0,0
,0,0,0,0,0
,0,0,0,0,0
,0,0,0,0,0
,0,0,0,0,0
,0,0,0,0,0
,0,0,0,0,0
,0,0,0,0,0
,0,0,0,0,0
,0,0,0,0,0
,0,0,0,0,0
,0,0,0,0,0
,0,0,0,0,0
,0,0,0,0,0
,0,0,0,0,0
,0,0,0,0,0
,0,0,0,0,0
,0,0,0,0,0
,0,0,0,0,0
,0,0,0,0,0
,0,0,0,0,0
,0,0,0,0,0
,0,0,0,0,0
,0,0,0,0,0
,0,0,0,0,0
,0,0,0,0,0
,0,0,0,0,0
,0,0,0,0,0
,0,0,0,0,0
,0,0,0,0,0
,0,0,0,0,0
,0,0,0,0,0
,0,0,0,0,0
,0,0,0,0,0
,0,0,0,0,0
,0,0,0,0,0
,0,0,0,0,0
,0,0,0,0,0
,0,0,0,0,0
,0,0,0,0,0
,0,0,0,0,0
,0,0,0,0,0
,0,0,0,0,0
,0,0,0,0,0
,0,0,0,0,0
,0,0,0,0,0
,0,0,0,0,0
,0,0,0,0,0
,0,0,0,0,0
,0,0,0,0,0
,0,0,0,0,0
,0,0,0,0,0
,0,0,0,0,0
,0,0,0,0,0
,0,0,0,0,0
,0,0,0,0,0
,0,0,0,0,0
,0,0,0,0,0
,0,0,0,0,0
,0,0,0,0,0
,0,0,0,0,0
,0,0,0,0,0
,0,0,0,0,0
,0,0,0,0,0
,0,0,0,0,0
,0,0,0,0,0
,0,0,0,0,0
,0,0,0,0,0
,0,0,0,0,0
,0,0,0,0,0
,0,0,0,0,0
,0,0,0,0,0
,0,0,0,0,0
,0,0,0,0,0
,0,0,0,0,0
,0,0,0,0,0
,0,0,0,0,0
,0,0,0,0,0
,0,0,0,0,0
,0,0,0,0,0
,0,0,0,0,0
,0,0,0,0,0
,0,0,0,0,0
,0,0,0,0,0
,0,0,0,0,0
,0,0,0,0,0
,0,0,0,0,0
,0,0,0,0,0
,0,0,0,0,0
,0,0,0,0,0
,0,0,0,0,0
,0,0,0,0,0
,0,0,0,0,0
,0,0,0,0,0
,0,0,0,0,0
,0,0,0,0,0
,0,0,0,0,0
,0,0,0,0,0
,0,0,0,0,0
,0,0,0,0,0
,0,0,0,0,0
,0,0,0,0,0
,0,0,0,0,0
,0,0,0,0,0
,0,0,0,0,0
,0,0,0,0,0
,0,0,0,0,0
,0,0,0,0,0
,0,0,0,0,0
,0,0,0,0,0
,0,0,0,0,0
,0,0,0,0,0
,0,0,0,0,0
,0,0,0,0,0
,0,0,0,0,0
,0,0,0,0,0
,0,0,0,0,0
,0,0,0,0,0
,0,0,0,0,0
,0,0,0,0,0
,0,0,0,0,0
,0,0,0,0,0
,0,0,0,0,0
,0,0,0,0,0
,0,0,0,0,0
,0,0,0,0,0
,0,0,0,0,0
,0,0,0,0,0
,0,0,0,0,0
,0,0,0,0,0
,0,0,0,0,0
,0,0,0,0,0
,0,0,0,0,0
,0,0,0,0,0
,0,0,0,0,0
,0,0,0,0,0
,0,0,0,0,0
,0,0,0,0,0
,0,0,0,0,0
,0,0,0,0,0
,0,0,0,0,0
,0,0,0,0,0
,0,0,0,0,0
,0,0,0,0,0
,0,0,0,0,0
,0,0,0,0,0
,0,0,0,0,0
,0,0,0,0,0
,0,0,0,0,0
,0,0,0,0,0
,0,0,0,0,0
,0,0,0,0,0
,0,0,0,0,0
,0,0,0,0,0
,0,0,0,0,0
,0,0,0,0,0
,0,0,0,0,0
,0,0,0,0,0
,0,0,0,0,0
,0,0,0,0,0
,0,0,0,0,0
,0,0,0,0,0
,0,0,0,0,0
,0,0,0,0,0
,0,0,0,0,0
,0,0,0,0,0
,0,0,0,0,0
,0,0,0,0,0
,0,0,0,0,0
,0,0,0,0,0
,0,0,0,0,0
,0,0,0,0,0
,0,0,0,0,0
,0,0,0,0,0
,0,0,0,0,0
,0,0,0,0,0
,0,0,0,0,0
,0,0,0,0,0
,0,0,0,0,0
,0,0,0,0,0
,0,0,0,0,0
,0,0,0,0,0
,0,0,0,0,0
,0,0,0,0,0
,0,0,0,0,0
,0,0,0,0,0
,0,0,0,0,0
,0,0,0,0,0
,0,0,0,0,0
,0,0,0,0,0
,0,0,0,0,0
,0,0,0,0,0
,0,0,0,0,0
,0,0,0,0,0
,0,0,0,0,0
,0,0,0,0,0
,0,0,0,0,0
,0,0,0,0,0
,0,0,0,0,0
,0,0,0,0,0
,0,0,0,0,0
,0,0,0,0,0
,0,0,0,0,0
,0,0,0,0,0
,0,0,0,0,0
,0,0,0,0,0
,0,0,0,0,0
,0,0,0,0,0
,0,0,0,0,0
,0,0,0,0,0
,0,0,0,0,0
,0,0,0,0,0
,0,0,0,0,0
,0,0,0,0,0
,0,0,0,0,0
,0,0,0,0,0
,0,0,0,0,0
,0,0,0,0,0
,0,0,0,0,0
,0,0,0,0,0
,0,0,0,0,0
,0,0,0,0,0
,0,0,0,0,0
,0,0,0,0,0
,0,0,0,0,0
,0,0,0,0,0
,0,0,0,0,0
,0,0,0,0,0
,0,0,0,0,0
,0,0,0,0,0
,0,0,0,0,0
,0,0,0,0,0
,0,0,0,0,0
,0,0,0,0,0
,0,0,0,0,0
,0,0,0,0,0
,0,0,0,0,0
,0,0,0,0,0
,0,0,0,0,0
,0,0,0,0,0
,0,0,0,0,0
,0,0,0,0,0
,0,0,0,0,0
,0,0,0,0,0
,0,0,0,0,0
,0,0,0,0,0
,0,0,0,0,0
,0,0,0,0,0
,0,0,0,0,0
,0,0,0,0,0
,0,0,0,0,0
,0,0,0,0,0
,0,0,0,0,0
,0,0,0,0,0
,0,0,0,0,0
,0,0,0,0,0
,0,0,0,0,0
,0,0,0,0,0
,0,0,0,0,0
,0,0,0,0,0
,0,0,0,0,0
,0,0,0,0,0
,0,0,0,0,0
,0,0,0,0,0
,0,0,0,0,0
,0,0,0,0,0
,0,0,0,0,0
,0,0,0,0,0
,0,0,0,0,0
,0,0,0,0,0
,0,0,0,0,0
,0,0,0,0,0
,0,0,0,0,0
,0,0,0,0,0
,0,0,0,0,0
,0,0,0,0,0
,0,0,0,0,0
,0,0,0,0,0
,0,0,0,0,0
,0,0,0,0,0
,0,0,0,0,0
,0,0,0,0,0
,0,0,0,0,0
,0,0,0,0,0
,0,0,0,0,0
,0,0,0,0,0
,0,0,0,0,0
,0,0,0,0,0
,0,0,0,0,0
,0,0,0,0,0
,0,0,0,0,0
,0,0,0,0,0
,0,0,0,0,0
,0,0,0,0,0
,0,0,0,0,0
,0,0,0,0,0
,0,0,0,0,0
,0,0,0,0,0
,0,0,0,0,0
,0,0,0,0,0
,0,0,0,0,0
,0,0,0,0,0
,0,0,0,0,0
,0,0,0,0,0
,0,0,0,0,0
,0,0,0,0,0
,0,0,0,0,0
,0,0,0,0,0
,0,0,0,0,0
,0,0,0,0,0
,0,0,0,0,0
,0,0,0,0,0
,0,0,0,0,0
,0,0,0,0,0
,0,0,0,0,0
,0,0,0,0,0
,0,0,0,0,0
,0,0,0,0,0
,0,0,0,0,0
,0,0,0,0,0
,0,0,0,0,0
,0,0,0,0,0
,0,0,0,0,0
,0,0,0,0,0
,0,0,0,0,0
,0,0,0,0,0
,0,0,0,0,0
,0,0,0,0,0
,0,0,0,0,0
,0,0,0,0,0
,0,0,0,0,0
,0,0,0,0,0
,0,0,0,0,0
,0,0,0,0,0
,0,0,0,0,0
,0,0,0,0,0
,0,0,0,0,0
,0,0,0,0,0
,0,0,0,0,0
,0,0,0,0,0
,0,0,0,0,0
,0,0,0,0,0
,0,0,0,0,0
,0,0,0,0,0
,0,0,0,0,0
,0,0,0,0,0
,0,0,0,0,0
,0,0,0,0,0
,0,0,0,0,0
,0,0,0,0,0
,0,0,0,0,0
,0,0,0,0,0
,0,0,0,0,0
,0,0,0,0,0
,0,0,0,0,0
,0,0,0,0,0
,0,0,0,0,0
,0,0,0,0,0
,0,0,0,0,0
,0,0,0,0,0
,0,0,0,0,0
,0,0,0,0,0
,0,0,0,0,0
,0,0,0,0,0
,0,0,0,0,0
,0,0,0,0,0
,0,0,0,0,0
,0,0,0,0,0
,0,0,0,0,0
,0,0,0,0,0
,0,0,0,0,0
,0,0,0,0,0
,0,0,0,0,0
,0,0,0,0,0
,0,0,0,0,0
,0,0,0,0,0
,0,0,0,0,0
,0,0,0,0,0
,0,0,0,0,0
,0,0,0,0,0
,0,0,0,0,0
,0,0,0,0,0
,0,0,0,0,0
,0,0,0,0,0
,0,0,0,0,0
,0,0,0,0,0
,0,0,0,0,0
,0,0,0,0,0
,0,0,0,0,0
,0,0,0,0,0
,0,0,0,0,0
,0,0,0,0,0
,0,0,0,0,0
,0,0,0,0,0
,0,0,0,0,0
,0,0,0,0,0
,0,0,0,0,0
,0,0,0,0,0
,0,0,0,0,0
,0,0,0,0,0
,0,0,0,0,0
,0,0,0,0,0
,0,0,0,0,0
,0,0,0,0,0
,0,0,0,0,0
,0,0,0,0,0
,0,0,0,0,0
,0,0,0,0,0
,0,0,0,0,0
,0,0,0,0,0
,0,0,0,0,0
,0,0,0,0,0
,0,0,0,0,0
,0,0,0,0,0
,0,0,0,0,0
,0,0,0,0,0
,0,0,0,0,0
,0,0,0,0,0
,0,0,0,0,0
,0,0,0,0,0
,0,0,0,0,0
,0,0,0,0,0
,0,0,0,0,0
,0,0,0,0,0
,0,0,0,0,0
,0,0,0,0,0
,0,0,0,0,0
,0,0,0,0,0
,0,0,0,0,0
,0,0,0,0,0
,0,0,0,0,0
,0,0,0,0,0
,0,0,0,0,0
,0,0,0,0,0
,0,0,0,0,0
,0,0,0,0,0
,0,0,0,0,0
,0,0,0,0,0
,0,0,0,0,0
,0,0,0,0,0
,0,0,0,0,0
,0,0,0,0,0
,0,0,0,0,0
,0,0,0,0,0
,0,0,0,0,0
,0,0,0,0,0
,0,0,0,0,0
,0,0,0,0,0
,0,0,0,0,0
,0,0,0,0,0
,0,0,0,0,0
,0,0,0,0,0
,0,0,0,0,0
,0,0,0,0,0
,0,0,0,0,0
,0,0,0,0,0
,0,0,0,0,0
,0,0,0,0,0
,0,0,0,0,0
,0,0,0,0,0
,0,0,0,0,0
,0,0,0,0,0
,0,0,0,0,0
,0,0,0,0,0
,0,0,0,0,0
,0,0,0,0,0
,0,0,0,0,0
,0,0,0,0,0
,0,0,0,0,0
,0,0,0,0,0
,0,0,0,0,0
,0,0,0,0,0
,0,0,0,0,0
,0,0,0,0,0
,0,0,0,0,0
,0,0,0,0,0
,0,0,0,0,0
,0,0,0,0,0
,0,0,0,0,0
,0,0,0,0,0
,0,0,0,0,0
,0,0,0,0,0
,0,0,0,0,0
,0,0,0,0,0
,0,0,0,0,0
,0,0,0,0,0
,0,0,0,0,0
,0,0,0,0,0
,0,0,0,0,0
,0,0,0,0,0
,0,0,0,0,0
,0,0,0,0,0
,0,0,0,0,0
,0,0,0,0,0
,0,0,0,0,0
,0,0,0,0,0
,0,0,0,0,0
,0,0,0,0,0
,0,0,0,0,0
,0,0,0,0,0
,0,0,0,0,0
,0,0,0,0,0
,0,0,0,0,0
,0,0,0,0,0
,0,0,0,0,0
,0,0,0,0,0
,0,0,0,0,0
,0,0,0,0,0
,0,0,0,0,0
,0,0,0,0,0
,0,0,0,0,0
,0,0,0,0,0
,0,0,0,0,0
,0,0,0,0,0
,0,0,0,0,0
,0,0,0,0,0
,0,0,0,0,0
,0,0,0,0,0
,0,0,0,0,0
,0,0,0,0,0
,0,0,0,0,0
,0,0,0,0,0
,0,0,0,0,0
,0,0,0,0,0
,0,0,0,0,0
,0,0,0,0,0
,0,0,0,0,0
,0,0,0,0,0
,0,0,0,0,0
,0,0,0,0,0
,0,0,0,0,0
,0,0,0,0,0
,0,0,0,0,0
,0,0,0,0,0
,0,0,0,0,0
,0,0,0,0,0
,0,0,0,0,0
,0,0,0,0,0
,0,0,0,0,0
,0,0,0,0,0
,0,0,0,0,0
,0,0,0,0,0
,0,0,0,0,0
,0,0,0,0,0
,0,0,0,0,0
,0,0,0,0,0
,0,0,0,0,0
,0,0,0,0,0
,0,0,0,0,0
,0,0,0,0,0
,0,0,0,0,0
,0,0,0,0,0
,0,0,0,0,0
,0,0,0,0,0
,0,0,0,0,0
,0,0,0,0,0
,0,0,0,0,0
,0,0,0,0,0
,0,0,0,0,0
,0,0,0,0,0
,0,0,0,0,0
,0,0,0,0,0
,0,0,0,0,0
,0,0,0,0,0
,0,0,0,0,0
,0,0,0,0,0
,0,0,0,0,0
,0,0,0,0,0
,0,0,0,0,0
,0,0,0,0,0
,0,0,0,0,0
,0,0,0,0,0
,0,0,0,0,0
,0,0,0,0,0
,0,0,0,0,0
,0,0,0,0,0
,0,0,0,0,0
,0,0,0,0,0
,0,0,0,0,0
,0,0,0,0,0
,0,0,0,0,0
,0,0,0,0,0
,0,0,0,0,0
,0,0,0,0,0
,0,0,0,0,0
,0,0,0,0,0
,0,0,0,0,0
,0,0,0,0,0
,0,0,0,0,0
